<?xml version="1.0" encoding="UTF-8"?>
<!DOCTYPE hibernate-configuration PUBLIC
	"-//Hibernate/Hibernate Configuration DTD 3.0//EN"
	"http://www.hibernate.org/dtd/hibernate-configuration-3.0.dtd">

<hibernate-configuration>
	<session-factory>
		<property name="hibernate.connection.driver_class">com.mysql.cj.jdbc.Driver</property>
		<property name="hibernate.connection.url">jdbc:mysql://192.168.64.5:3306/edac</property>
		<property name="hibernate.connection.username">mysql</property>
		<property name="hibernate.connection.password">mysql</property>
		
		<property name="hibernate.dialect">org.hibernate.dialect.MySQL55Dialect</property>
		<property name="hibernate.hbm2ddl.auto">update</property>
		
		<mapping class="in.edac.Student"/>
	</session-factory>	
</hibernate-configuration>	
	